﻿<?xml version="1.0" encoding="utf-8" standalone="yes"?>
<addon id="metadata.musicvideos.stupid" name="Stupid Music Video Scraper" version="1.1.1" provider-name="mrjwm2">
  <requires>
    <import addon="xbmc.metadata" version="2.1.0" />
  </requires>
  <extension point="xbmc.metadata.scraper.musicvideos" language="en" library="stupid.xml" />
  <extension point="xbmc.addon.metadata">
    <summary lang="en">Stupid Music Video Scraper</summary>
    <description lang="en">This scraper downloads music video information.</description>
  </extension>
</addon>