﻿<?xml version="1.0" encoding="utf-8" standalone="yes"?>
<scraper name="Stupid Music Video Database" content="musicvideos" thumb="icon.png" framework="1.1" date="2015-12-5" language="en">
  <CreateSearchUrl dest="3" clearbuffers="no">
    <RegExp dest="3" output="&lt;url&gt;http://search.yahoo.com/search?p=$$7$$9&lt;/url&gt;" input="$$7">
      <RegExp dest="7" output="\1" input="$$1">
        <expression noclean="1" trim="1">([^\-]*)</expression>
      </RegExp>
      <RegExp dest="9" output="\2" input="$$1">
        <expression noclean="1" trim="1">([^\-]*)([^.]*)</expression>
      </RegExp>
      <expression noclean="1"></expression>
    </RegExp>
  </CreateSearchUrl>
  <GetSearchResults dest="8" clearbuffers="no">
    <RegExp dest="8" output="&lt;results sorted=&quot;yes&quot;&gt;\1&lt;/results&gt;" input="$$5">
      <RegExp dest="5" output="&lt;entity&gt;&lt;title&gt;\1- \2&lt;/title&gt;&lt;url&gt;http://search.yahoo.com/search?p=$$7$$9&lt;/url&gt;&lt;/entity&gt;" input="$$1">
        <expression noclean="1" trim="1">&lt;title&gt;([^"]*)\-\sYahoo Search</expression>
      </RegExp>
      <expression noclean="1"></expression>
    </RegExp>
  </GetSearchResults>
  <GetDetails dest="3" clearbuffers="no">
    <RegExp dest="3" output="&lt;details&gt;\1&lt;/details&gt;" input="$$5">
      <RegExp dest="5+" output="&lt;artist&gt;\1&lt;/artist&gt;" input="$$1">
        <expression clear="yes" noclean="1" trim="1">&lt;title&gt;([^\-]*)</expression>
      </RegExp>
      <RegExp dest="5+" output="&lt;title&gt;\2&lt;/title&gt;" input="$$1">
        <expression noclean="1" trim="1">&lt;title&gt;([^"]*)\-([^"]*)\-\sYahoo Search</expression>
      </RegExp>
      <expression noclean="1" trim="1"></expression>
    </RegExp>
  </GetDetails>
</scraper>